City_ID,City,Lat,Lng,Max Temp,Humidity,Cloudiness,Wind Speed,Country,Date
0,yellowknife,62.456,62.456,-19.68,69,40,5.75,CA,1669754435
1,khasan,42.4308,42.4308,13.14,60,97,25.7,RU,1669754436
2,busselton,-33.65,-33.65,69.84,48,77,13.67,AU,1669754437
3,puerto ayora,-0.7393,-0.7393,78.76,84,58,8.01,EC,1669754184
4,samfya,-11.3649,-11.3649,67.15,86,98,4.56,ZM,1669754438
5,albany,42.6001,42.6001,37.67,66,95,4.5,US,1669754439
6,riohacha,11.5444,11.5444,82.51,74,75,2.3,CO,1669754440
7,port alfred,-33.5906,-33.5906,71.82,82,53,15.75,ZA,1669754441
8,thompson,55.7435,55.7435,3.36,78,100,19.57,CA,1669754442
9,saldanha,-33.0117,-33.0117,64.45,96,1,1.52,ZA,1669754443
10,chukhloma,58.7525,58.7525,8.19,97,18,0.81,RU,1669754444
11,victor harbor,-35.5667,-35.5667,54.68,68,55,6.85,AU,1669754445
12,mataura,-46.1927,-46.1927,59.49,76,100,5.93,NZ,1669754445
13,nanortalik,60.1432,60.1432,32.58,90,100,13.56,GL,1669754446
14,atuona,-9.8,-9.8,77.76,73,25,15.9,PF,1669754447
15,khanapur,15.6333,15.6333,68.14,67,100,1.66,IN,1669754448
16,cape town,-33.9258,-33.9258,65.88,88,0,5.75,ZA,1669754403
17,rikitea,-23.1203,-23.1203,72.3,75,89,16.91,PF,1669754449
18,faanui,-16.4833,-16.4833,79.32,76,16,12.66,PF,1669754450
19,guanica,17.9716,17.9716,83.05,75,83,5.03,PR,1669754451
20,san juan,-31.5375,-31.5375,96.48,18,6,8.14,AR,1669754388
21,port blair,11.6667,11.6667,78.84,89,20,2.3,IN,1669754452
22,prince rupert,54.3161,54.3161,28.09,45,0,17.27,CA,1669754199
23,arraial do cabo,-22.9661,-22.9661,75.06,88,75,17.27,BR,1669754455
24,saint george,37.1041,37.1041,50.43,23,0,8.05,US,1669754456
25,carnarvon,-24.8667,-24.8667,69.71,87,0,11.54,AU,1669754457
26,jamestown,42.097,42.097,47.79,66,75,11.5,US,1669754332
27,kaitangata,-46.2817,-46.2817,54.77,93,100,6.89,NZ,1669754460
28,samarai,-10.6167,-10.6167,81.25,78,97,4.29,PG,1669754461
29,tuatapere,-46.1333,-46.1333,55.8,81,78,6.24,NZ,1669754462
30,punta arenas,-53.15,-53.15,48.31,57,75,27.63,CL,1669754463
31,sisimiut,66.9395,66.9395,19.24,89,95,13.91,GL,1669754465
32,sabalgarh,26.25,26.25,60.37,43,99,1.07,IN,1669754466
33,petropavlovsk-kamchatskiy,53.0452,53.0452,14.59,86,100,6.71,RU,1669754424
34,saint-philippe,-21.3585,-21.3585,74.79,78,99,4.27,RE,1669754468
35,geraldton,-28.7667,-28.7667,70.21,83,100,8.05,AU,1669754468
36,acarau,-2.8856,-2.8856,79.0,75,96,10.67,BR,1669754299
37,muros,42.7762,42.7762,57.09,85,85,10.54,ES,1669754470
38,lompoc,34.6391,34.6391,65.7,57,0,8.05,US,1669754471
39,takoradi,4.8845,4.8845,79.41,80,70,6.78,GH,1669754472
40,coihaique,-45.5752,-45.5752,58.95,38,20,12.66,CL,1669754473
41,tukrah,32.5341,32.5341,63.91,74,98,15.5,LY,1669754331
42,hilo,19.7297,19.7297,80.33,85,40,7.0,US,1669754178
43,castro,-24.7911,-24.7911,62.56,89,88,7.0,BR,1669754475
44,bambous virieux,-20.3428,-20.3428,73.65,78,40,3.44,MU,1669754476
45,maragogi,-9.0122,-9.0122,78.13,79,96,13.31,BR,1669754478
46,smolyaninovo,43.2956,43.2956,8.06,57,100,9.44,RU,1669754479
47,ketchikan,55.3422,55.3422,27.07,36,0,8.05,US,1669754480
48,korla,41.7597,41.7597,14.36,34,0,4.03,CN,1669754480
49,cidreira,-30.1811,-30.1811,71.82,85,15,15.19,BR,1669754481
50,narsaq,60.9167,60.9167,30.42,89,100,3.98,GL,1669754482
51,bethel,41.3712,41.3712,42.06,63,0,3.44,US,1669754483
52,kosel,50.3356,50.3356,33.96,78,99,4.79,PL,1669754484
53,esperance,-33.8667,-33.8667,61.86,69,6,17.31,AU,1669754484
54,rio gallegos,-51.6226,-51.6226,55.45,35,40,36.82,AR,1669754417
55,kalmunai,7.4167,7.4167,74.34,83,77,5.99,LK,1669754486
56,hermanus,-34.4187,-34.4187,64.8,91,16,4.52,ZA,1669754487
57,bergerac,44.8333,44.8333,44.87,100,100,0.0,FR,1669754487
58,fairview,40.8126,40.8126,43.95,59,100,3.44,US,1669754488
59,saskylakh,71.9167,71.9167,-29.25,100,88,6.82,RU,1669754490
60,sangar,63.9242,63.9242,-39.37,99,100,1.63,RU,1669754490
61,kruisfontein,-34.0033,-34.0033,68.88,66,15,8.41,ZA,1669754211
62,hobart,-42.8794,-42.8794,58.05,65,40,11.5,AU,1669754492
63,ribeira grande,38.5167,38.5167,63.0,88,75,10.36,PT,1669754493
64,capela,-10.5033,-10.5033,74.25,90,99,4.61,BR,1669754493
65,ushuaia,-54.8,-54.8,51.42,61,75,23.02,AR,1669754354
66,barrow,71.2906,71.2906,-0.38,78,0,12.66,US,1669754401
67,jamame,0.0722,0.0722,77.63,83,71,7.27,SO,1669754496
68,kodiak,57.79,57.79,33.31,40,0,20.71,US,1669754497
69,iqaluit,63.7506,63.7506,-15.07,70,20,18.41,CA,1669754498
70,salalah,17.0151,17.0151,78.89,73,40,4.61,OM,1669754500
71,calama,-22.4667,-22.4667,70.29,18,0,27.63,CL,1669754501
72,marsabit,2.3284,2.3284,67.08,67,66,10.42,KE,1669754501
73,havoysund,70.9963,70.9963,37.63,83,98,14.61,NO,1669754502
74,avarua,-21.2078,-21.2078,80.65,78,73,16.11,CK,1669754504
75,tiksi,71.6872,71.6872,-30.32,100,57,3.71,RU,1669754505
76,katsina,12.9894,12.9894,75.09,29,0,4.61,NG,1669754506
77,launceston,-41.45,-41.45,56.61,81,13,6.91,AU,1669754507
78,mar del plata,-38.0023,-38.0023,89.83,79,40,18.01,AR,1669754510
79,riyadh,24.6877,24.6877,66.34,29,100,7.34,SA,1669753874
80,rio brilhante,-21.8019,-21.8019,85.73,42,64,10.65,BR,1669754318
81,ambovombe,-25.1667,-25.1667,72.39,83,100,6.33,MG,1669754512
82,mount gambier,-37.8333,-37.8333,54.82,79,71,3.13,AU,1669754513
83,niquelandia,-14.4739,-14.4739,73.78,87,32,4.56,BR,1669754513
84,tondano,1.3038,1.3038,68.09,93,75,2.59,ID,1669754514
85,urucara,-2.5364,-2.5364,84.13,65,90,0.92,BR,1669754516
86,aykhal,66.0,66.0,-4.05,98,100,9.37,RU,1669754241
87,vardo,70.3705,70.3705,35.58,80,100,16.11,NO,1669754518
88,umm kaddadah,13.6017,13.6017,77.31,23,19,12.5,SD,1669754518
89,axim,4.8699,4.8699,79.12,80,56,6.06,GH,1669754519
90,nagapattinam,10.7667,10.7667,74.57,75,22,8.61,IN,1669754520
91,lagoa,39.05,39.05,62.29,83,100,11.83,PT,1669754521
92,codrington,-38.2667,-38.2667,54.73,82,72,4.34,AU,1669754522
93,bluff,-46.6,-46.6,59.81,74,100,11.1,NZ,1669754523
94,vaini,-21.2,-21.2,80.76,74,20,13.8,TO,1669754525
95,tuktoyaktuk,69.4541,69.4541,-0.4,85,100,14.97,CA,1669754527
96,dikson,73.5069,73.5069,13.01,95,100,6.53,RU,1669754528
97,pangnirtung,66.1451,66.1451,1.4,78,100,9.22,CA,1669754528
98,hamilton,39.1834,39.1834,60.89,67,0,14.97,US,1669754529
99,kapaa,22.0752,22.0752,82.38,86,20,4.61,US,1669754530
100,farah,32.5,32.5,52.5,43,11,3.49,AF,1669754531
101,tabas,33.5959,33.5959,52.02,40,100,2.3,IR,1669754532
102,nikolskoye,59.7035,59.7035,28.29,92,100,5.1,RU,1669754533
103,vilhena,-12.7406,-12.7406,83.98,43,89,5.57,BR,1669754534
104,victoria,22.2855,22.2855,77.18,89,1,8.01,HK,1669754535
105,butaritari,3.0707,3.0707,80.83,76,40,10.13,KI,1669754536
106,kungurtug,50.5994,50.5994,-19.26,96,98,1.21,RU,1669754537
107,chokurdakh,70.6333,70.6333,-11.78,98,100,9.24,RU,1669754538
108,ponta do sol,32.6667,32.6667,65.03,63,21,2.98,PT,1669754538
109,margate,51.3813,51.3813,49.69,91,94,1.01,GB,1669754539
110,meulaboh,4.1363,4.1363,75.63,89,99,4.5,ID,1669754540
111,caceres,39.522,39.522,44.65,78,71,0.72,ES,1669754541
112,sao jose de piranhas,-7.1206,-7.1206,82.08,55,100,3.85,BR,1669754542
113,broome,42.2506,42.2506,44.02,71,100,6.91,US,1669754543
114,port elizabeth,-33.918,-33.918,71.31,85,53,10.0,ZA,1669754544
115,virginia beach,36.8529,36.8529,57.25,59,40,9.22,US,1669754545
116,bud,39.447,39.447,60.78,69,14,19.62,US,1669754546
117,zhanaozen,43.3,43.3,28.26,50,0,14.23,KZ,1669754547
118,jilib,0.4883,0.4883,74.98,89,68,3.69,SO,1669754547
119,douglas,41.3,41.3,24.75,79,100,18.41,US,1669754548
120,alexandria,31.2156,31.2156,59.54,65,2,6.2,EG,1669754461
121,mahebourg,-20.4081,-20.4081,73.69,78,40,3.44,MU,1669754552
122,yamandu,7.9362,7.9362,74.34,92,50,1.79,SL,1669754553
123,talnakh,69.4865,69.4865,-15.27,100,88,6.26,RU,1669754527
124,sao joao da barra,-21.6403,-21.6403,75.29,91,83,18.21,BR,1669754554
125,kuloy,61.0305,61.0305,7.16,98,96,1.25,RU,1669754555
126,yumen,40.2833,40.2833,1.81,76,100,6.24,CN,1669754282
127,tasiilaq,65.6145,65.6145,37.56,95,100,36.78,GL,1669754557
128,kavieng,-2.5744,-2.5744,82.8,66,97,3.67,PG,1669754557
129,bengkulu,-3.8004,-3.8004,75.52,91,100,3.24,ID,1669754273
130,mastic beach,40.7668,40.7668,44.98,65,20,5.99,US,1669754559
131,grindavik,63.8424,63.8424,45.07,93,100,31.07,IS,1669754559
132,lakes entrance,-37.8811,-37.8811,53.17,65,6,6.17,AU,1669754277
133,chemal,51.4111,51.4111,-7.55,93,26,4.56,RU,1669754561
134,havre-saint-pierre,50.2334,50.2334,23.0,57,0,16.11,CA,1669754562
135,dingle,10.9995,10.9995,75.58,92,25,7.85,PH,1669754562
136,east london,-33.0153,-33.0153,71.49,80,28,21.99,ZA,1669754563
137,male,4.1748,4.1748,78.75,83,20,2.3,MV,1669754564
138,baza,37.4907,37.4907,47.57,50,98,5.99,ES,1669754565
139,isangel,-19.55,-19.55,84.31,79,91,3.44,VU,1669754565
140,bosaso,11.2842,11.2842,76.41,72,19,3.15,SO,1669754566
141,buin,-33.7333,-33.7333,83.43,38,0,14.32,CL,1669754567
142,haskovo,41.9403,41.9403,41.34,96,100,6.4,BG,1669754568
143,hattiesburg,31.3271,31.3271,80.92,79,75,13.0,US,1669754569
144,dickinson,29.4608,29.4608,83.08,90,100,13.8,US,1669754570
145,provideniya,64.3833,64.3833,30.54,99,100,6.31,RU,1669754571
146,los algarrobos,8.5,8.5,77.41,89,40,5.75,PA,1669754572
147,maraa,-1.8333,-1.8333,83.12,75,100,1.72,BR,1669754572
148,hami,42.8,42.8,8.51,23,0,2.82,CN,1669754573
149,egvekinot,66.3167,66.3167,25.2,99,100,8.77,RU,1669754574
150,severo-kurilsk,50.6789,50.6789,38.16,95,100,22.77,RU,1669754574
151,santiago del estero,-27.7951,-27.7951,101.44,20,68,5.79,AR,1669754326
152,suntar,62.1444,62.1444,-19.82,96,100,6.78,RU,1669754577
153,clyde river,70.4692,70.4692,-23.57,76,0,2.3,CA,1669754577
154,ancud,-41.8697,-41.8697,52.09,74,100,5.53,CL,1669754578
155,madera,37.1666,37.1666,60.51,60,77,5.01,US,1669754579
156,tomatlan,19.9333,19.9333,86.59,44,37,7.83,MX,1669754580
157,pangoa,-12.1167,-12.1167,82.13,62,95,2.01,PE,1669754580
158,farafangana,-22.8167,-22.8167,75.34,88,92,8.28,MG,1669754582
159,chicama,-7.8447,-7.8447,70.34,67,82,10.22,PE,1669754582
160,pedasi,7.5333,7.5333,75.09,90,100,9.15,PA,1669754584
161,omsukchan,62.5333,62.5333,-30.06,98,55,3.47,RU,1669754584
162,yulara,-25.2406,-25.2406,65.84,35,0,8.81,AU,1669754585
163,aragarcas,-15.8975,-15.8975,95.65,41,40,9.22,BR,1669754586
164,norman wells,65.282,65.282,-32.76,75,75,2.3,CA,1669754586
165,abha,18.2164,18.2164,55.22,87,0,4.61,SA,1669754475
166,alappuzha,9.49,9.49,77.74,82,73,1.72,IN,1669754589
167,cabo san lucas,22.8909,22.8909,84.61,60,0,8.05,MX,1669754589
168,bredasdorp,-34.5322,-34.5322,64.9,78,5,4.21,ZA,1669754590
169,zelenogorskiy,55.0333,55.0333,-13.7,99,45,1.66,RU,1669754591
170,san andres,12.5847,12.5847,82.42,74,40,16.11,CO,1669754435
171,altay,47.8667,47.8667,-3.57,50,1,7.54,CN,1669754595
172,georgetown,5.4112,5.4112,79.23,91,20,3.44,MY,1669754365
173,san cosme y damian,-27.3167,-27.3167,91.58,45,37,5.64,PY,1669754597
174,progreso,21.2833,21.2833,89.71,57,25,12.03,MX,1669754437
175,airai,-8.9266,-8.9266,59.68,92,91,0.4,TL,1669754598
176,buta,2.7858,2.7858,69.73,98,74,3.31,CD,1669754599
177,antofagasta,-23.65,-23.65,65.59,71,39,7.0,CL,1669754600
178,tilichiki,60.4667,60.4667,14.81,92,100,6.62,RU,1669754601
179,upernavik,72.7868,72.7868,4.28,93,100,14.65,GL,1669754602
180,lagunas,-5.2269,-5.2269,93.13,43,91,2.33,PE,1669754602
181,cherskiy,68.75,68.75,-8.82,96,100,9.89,RU,1669754423
182,port macquarie,-31.4333,-31.4333,64.89,56,35,5.82,AU,1669754604
183,preobrazheniye,42.9019,42.9019,14.54,54,85,10.4,RU,1669754605
184,saint-georges,12.0564,12.0564,83.88,74,40,17.27,GD,1669754609
185,qaanaaq,77.484,77.484,-16.76,82,16,5.19,GL,1669754491
186,beaverlodge,55.2166,55.2166,-2.85,82,100,6.06,CA,1669754610
187,jinhua,29.1078,29.1078,42.33,85,100,8.1,CN,1669754497
188,winnemucca,40.973,40.973,33.08,37,2,6.44,US,1669754612
189,noyabrsk,63.1994,63.1994,-6.3,96,100,7.47,RU,1669754412
190,guilin,25.2819,25.2819,51.91,84,100,15.03,CN,1669754615
191,dukat,62.55,62.55,-31.45,99,36,2.37,RU,1669754616
192,severnyy,50.677,50.677,21.24,86,0,15.66,RU,1669754617
193,yar-sale,66.8333,66.8333,-0.02,100,95,2.64,RU,1669754618
194,ilulissat,69.2167,69.2167,24.82,68,40,9.22,GL,1669754619
195,ugoofaaru,5.6667,5.6667,80.35,74,46,1.66,MV,1669754620
196,juneau,58.3019,58.3019,19.4,45,75,8.05,US,1669754593
197,manado,1.487,1.487,75.97,94,40,5.75,ID,1669754621
198,abu dhabi,24.4667,24.4667,78.91,76,0,2.3,AE,1669754421
199,beringovskiy,63.05,63.05,29.28,96,100,5.61,RU,1669754623
200,honiara,-9.4333,-9.4333,81.64,80,100,2.46,SB,1669754623
201,guangyuan,32.442,32.442,32.31,66,100,10.47,CN,1669754608
202,kalengwa,-13.4659,-13.4659,61.45,92,34,3.4,ZM,1669754626
203,pisco,-13.7,-13.7,72.01,73,20,10.36,PE,1669754627
204,turkmenabat,39.0733,39.0733,37.38,100,6,4.61,TM,1669754628
205,vetluga,57.8557,57.8557,2.8,98,63,1.92,RU,1669754429
206,souillac,-20.5167,-20.5167,73.78,78,40,3.44,MU,1669754630
207,nisia floresta,-6.0911,-6.0911,81.41,73,90,10.07,BR,1669754631
208,moroto,2.5345,2.5345,68.92,61,73,5.55,UG,1669754632
209,ostrovnoy,68.0531,68.0531,26.11,93,53,10.07,RU,1669754632
210,kandrian,-6.2167,-6.2167,80.08,82,48,6.06,PG,1669754633
211,palmer,42.1584,42.1584,42.35,55,75,3.44,US,1669754634
212,nyurba,63.2842,63.2842,-29.0,99,100,5.79,RU,1669754635
213,kavaratti,10.5669,10.5669,81.3,70,82,0.18,IN,1669754636
214,tambura,5.6,5.6,75.11,68,99,3.15,SS,1669754637
215,lavrentiya,65.5833,65.5833,27.34,97,100,10.47,RU,1669754638
216,neiafu,-18.65,-18.65,81.28,83,40,11.5,TO,1669754639
217,guerrero negro,27.9769,27.9769,65.68,54,0,15.46,MX,1669754639
218,padang,-0.9492,-0.9492,76.68,88,96,2.64,ID,1669754640
219,byron bay,-28.65,-28.65,68.94,69,100,15.01,AU,1669754642
220,bubaque,11.2833,11.2833,81.25,60,56,9.19,GW,1669754643
221,pangody,65.85,65.85,1.78,95,92,5.14,RU,1669754643
222,abu samrah,35.3029,35.3029,54.34,96,100,13.33,SY,1669754644
223,stary sacz,49.5636,49.5636,33.96,85,86,3.15,PL,1669754645
224,berlevag,70.8578,70.8578,37.4,80,75,16.11,NO,1669754646
225,khatanga,71.9667,71.9667,-1.86,91,94,10.07,RU,1669754646
226,winneba,5.3511,5.3511,79.09,83,39,5.77,GH,1669754647
227,shingu,33.7333,33.7333,63.05,91,86,4.09,JP,1669754648
228,necochea,-38.5473,-38.5473,76.32,58,100,8.77,AR,1669754649
229,lebu,-37.6167,-37.6167,60.13,85,99,13.85,CL,1669754650
230,general higinio morinigo,-25.95,-25.95,77.76,68,69,0.98,PY,1669754650
231,nome,64.5011,64.5011,14.07,79,100,14.97,US,1669754651
232,naliya,23.2667,23.2667,71.53,25,5,7.92,IN,1669754652
233,taua,-5.9667,-5.9667,81.99,50,100,6.85,BR,1669754653
234,batemans bay,-35.7167,-35.7167,61.11,67,40,3.67,AU,1669754653
235,rionero in vulture,40.9257,40.9257,44.73,92,100,3.47,IT,1669754654
236,dwarka,22.2394,22.2394,75.88,47,1,8.77,IN,1669754655
237,brownsville,25.9018,25.9018,88.09,67,0,23.02,US,1669754656
238,quatre cocos,-20.2078,-20.2078,73.51,77,54,9.19,MU,1669754657
239,turukhansk,65.8167,65.8167,-7.49,99,99,5.5,RU,1669754658
240,mount isa,-20.7333,-20.7333,74.97,23,2,16.11,AU,1669754659
241,pevek,69.7008,69.7008,6.53,97,99,2.82,RU,1669754660
242,sumenep,-7.0167,-7.0167,78.24,87,100,4.32,ID,1669754661
243,avera,33.194,33.194,71.38,51,2,6.17,US,1669754661
244,los llanos de aridane,28.6585,28.6585,67.75,79,75,12.66,ES,1669754662
245,sopot,54.4418,54.4418,34.88,87,100,6.91,PL,1669754663
246,beverley,53.8459,53.8459,43.05,56,100,2.3,GB,1669754664
247,wanning,18.8003,18.8003,75.13,88,13,0.83,CN,1669754664
248,forli,44.2236,44.2236,44.64,90,75,10.0,IT,1669754665
249,hobyo,5.3505,5.3505,79.59,72,29,15.88,SO,1669754666
250,mikuni,36.2171,36.2171,55.31,84,100,10.29,JP,1669754666
251,catamarca,-28.4696,-28.4696,81.86,45,100,9.04,AR,1669754668
252,lokosovo,61.1333,61.1333,-14.31,99,91,3.62,RU,1669754669
253,bolshaya sosnova,57.6713,57.6713,4.8,98,92,2.66,RU,1669754670
254,marondera,-18.1853,-18.1853,55.74,92,86,9.24,ZW,1669754672
255,mairana,-18.1167,-18.1167,71.85,49,90,4.59,BO,1669754673
256,manosque,43.8288,43.8288,38.59,87,12,4.52,FR,1669754601
257,itarema,-2.9248,-2.9248,78.84,76,95,10.22,BR,1669754674
258,yerbogachen,61.2767,61.2767,-13.63,98,100,4.56,RU,1669754675
259,praia da vitoria,38.7333,38.7333,63.75,88,75,8.93,PT,1669754676
260,kamenka,51.3223,51.3223,22.26,59,6,7.58,RU,1669754677
261,atasu,48.6814,48.6814,9.86,69,100,10.45,KZ,1669754677
262,motygino,58.1831,58.1831,-17.45,99,98,4.21,RU,1669754678
263,tynda,55.1667,55.1667,-18.13,84,100,6.87,RU,1669754679
264,bandarbeyla,9.4942,9.4942,77.4,70,7,16.87,SO,1669754680
265,sibolga,1.7427,1.7427,75.54,86,100,1.83,ID,1669754681
266,faro,37.0194,37.0194,54.97,66,0,4.61,PT,1669754536
267,klaksvik,62.2266,62.2266,41.92,83,100,9.06,FO,1669754682
268,camacha,33.0833,33.0833,62.02,59,75,8.05,PT,1669754683
269,vila velha,-20.3297,-20.3297,75.15,94,100,8.05,BR,1669754684
270,irara,-12.05,-12.05,80.01,61,89,7.49,BR,1669754684
271,okha,53.5739,53.5739,22.53,89,100,38.07,RU,1669754685
272,gidole,5.65,5.65,60.87,48,74,2.84,ET,1669754686
273,lata,40.1629,40.1629,47.07,93,94,2.17,PT,1669754688
274,lodja,-3.4833,-3.4833,68.22,98,99,2.24,CD,1669754688
275,la ciotat,43.1748,43.1748,49.8,72,10,4.76,FR,1669754417
276,san quintin,30.4833,30.4833,62.96,58,0,14.16,MX,1669754690
277,new norfolk,-42.7826,-42.7826,58.5,65,80,8.03,AU,1669754692
278,zhireken,52.8249,52.8249,-24.41,93,93,3.04,RU,1669754693
279,coripata,-16.3,-16.3,68.36,81,82,3.44,BO,1669754694
280,vanderhoof,54.0166,54.0166,2.3,82,100,7.67,CA,1669754695
281,saint anthony,45.0205,45.0205,25.75,89,100,19.57,US,1669754696
282,pasighat,28.0667,28.0667,61.75,55,0,4.03,IN,1669754696
283,baran,25.1,25.1,61.43,44,100,5.01,IN,1669754697
284,longyearbyen,78.2186,78.2186,42.64,75,75,14.97,SJ,1669754698
285,tomakomai,42.6369,42.6369,38.17,70,75,21.85,JP,1669754699
286,gamba,-2.65,-2.65,75.99,87,84,2.1,GA,1669754700
287,uniao,-4.5858,-4.5858,76.39,75,100,3.6,BR,1669754700
288,charyshskoye,51.3978,51.3978,-9.87,88,52,4.68,RU,1669754701
289,carutapera,-1.195,-1.195,79.47,78,100,5.5,BR,1669754703
290,puerto colombia,10.9878,10.9878,84.29,74,92,10.67,CO,1669754706
291,bousse,12.6606,12.6606,78.12,19,10,7.47,BF,1669754706
292,makakilo city,21.3469,21.3469,83.44,60,0,4.61,US,1669754707
293,torbay,47.6666,47.6666,34.75,73,75,18.41,CA,1669754708
294,tarakan,3.3,3.3,79.68,82,99,4.12,ID,1669754709
295,ust-omchug,61.15,61.15,-22.77,99,97,6.89,RU,1669754710
296,sao filipe,14.8961,14.8961,76.05,65,0,8.14,CV,1669754710
297,qaqortoq,60.7167,60.7167,28.27,90,100,3.62,GL,1669754711
298,ilhabela,-23.7781,-23.7781,71.35,96,100,0.45,BR,1669754712
299,primo tapia,32.22,32.22,62.94,63,74,6.2,MX,1669754713
300,san ramon,37.7799,37.7799,57.92,43,0,6.91,US,1669754714
301,along,28.1667,28.1667,53.91,70,0,1.88,IN,1669754715
302,caohai,26.8661,26.8661,46.11,89,93,3.53,CN,1669754716
303,rongcheng,30.634,30.634,32.7,94,100,8.88,CN,1669754717
304,chara,56.9064,56.9064,-28.86,79,89,1.48,RU,1669754718
305,newport,51.5877,51.5877,41.63,84,100,3.85,GB,1669754719
306,skjervoy,70.0311,70.0311,32.0,66,88,10.09,NO,1669754720
307,zhangjiakou,40.81,40.81,6.64,28,0,15.61,CN,1669754721
308,dongsheng,39.8161,39.8161,0.75,23,0,8.86,CN,1669754721
309,kyabe,9.4515,9.4515,78.15,26,8,6.08,TD,1669754722
310,olafsvik,64.8945,64.8945,42.13,89,100,22.06,IS,1669754723
311,hofn,64.2539,64.2539,43.14,85,100,4.72,IS,1669754725
312,gat,31.61,31.61,62.4,100,5,4.76,IL,1669754725
313,caravelas,-17.7125,-17.7125,74.93,90,99,11.18,BR,1669754726
314,gemena,3.25,3.25,70.92,96,80,2.3,CD,1669754727
315,coihueco,-36.6167,-36.6167,77.74,34,0,3.44,CL,1669754728
316,malakal,9.5334,9.5334,80.38,41,100,3.51,SS,1669754729
317,rocha,-34.4833,-34.4833,75.81,60,12,14.7,UY,1669754729
318,barcelos,41.5388,41.5388,50.92,87,74,3.83,PT,1669754730
319,middelkerke,51.1558,51.1558,40.17,98,100,4.61,BE,1669754475
320,kysyl-syr,63.8986,63.8986,-34.31,99,100,5.08,RU,1669754732
321,kologriv,58.8275,58.8275,5.76,96,14,1.07,RU,1669754733
322,wainwright,52.839,52.839,8.96,93,100,8.81,CA,1669754734
323,moissala,8.3404,8.3404,75.63,27,60,5.06,TD,1669754734
324,burgeo,47.6167,47.6167,26.96,73,49,20.07,CA,1669754735
325,shimoda,34.6667,34.6667,64.11,85,44,14.79,JP,1669754736
326,lomovka,53.9194,53.9194,5.07,93,89,1.88,RU,1669754737
327,kendari,-3.945,-3.945,74.61,94,100,3.24,ID,1669754738
328,songkhla,6.8333,6.8333,77.05,95,100,1.61,TH,1669754738
329,kormilovka,55.0026,55.0026,-5.08,90,47,5.7,RU,1669754739
330,alugan,12.2188,12.2188,81.43,77,19,12.1,PH,1669754740
331,erbaa,40.6689,40.6689,52.79,71,100,1.5,TR,1669754741
332,mezohegyes,46.3167,46.3167,36.07,77,100,5.91,HU,1669754742
333,katsuura,35.1333,35.1333,68.16,89,96,13.8,JP,1669754742
334,gushikawa,26.3544,26.3544,74.43,96,100,10.36,JP,1669754743
335,polyarnyy,69.1989,69.1989,31.77,84,100,14.54,RU,1669754745
336,cayenne,4.9333,4.9333,73.44,94,75,3.44,GF,1669754746
337,sabya,17.1495,17.1495,80.22,70,0,6.69,SA,1669754747
338,homer,59.6425,59.6425,24.67,55,0,0.0,US,1669754748
339,baracoa,20.3467,20.3467,80.4,75,55,7.54,CU,1669754749
340,terre haute,39.4667,39.4667,59.27,79,100,16.11,US,1669754750
341,banda aceh,5.5577,5.5577,77.18,83,100,6.31,ID,1669754751
342,najran,17.4924,17.4924,61.45,38,0,1.66,SA,1669754672
343,tautira,-17.7333,-17.7333,78.1,81,31,11.59,PF,1669754753
344,odweyne,9.4092,9.4092,65.5,41,2,9.98,SO,1669754753
345,bathsheba,13.2167,13.2167,79.41,83,75,13.8,BB,1669754754
346,storm lake,42.6411,42.6411,22.44,93,100,24.16,US,1669754757
347,balikpapan,-1.2675,-1.2675,76.19,100,20,5.75,ID,1669754758
348,sola,-13.8833,-13.8833,79.47,89,64,0.0,VU,1669754759
349,krutinka,56.0055,56.0055,-5.94,88,21,6.62,RU,1669754760
350,northam,51.0333,51.0333,42.26,91,100,7.81,GB,1669754761
351,gao,16.6362,16.6362,74.12,16,30,10.33,ML,1669754762
352,zhigansk,66.7697,66.7697,-43.35,99,57,3.85,RU,1669754762
353,buala,-8.145,-8.145,80.78,80,100,4.05,SB,1669754763
354,khandyga,62.6667,62.6667,-33.23,96,100,0.56,RU,1669754764
355,behbahan,30.5959,30.5959,72.66,23,100,4.74,IR,1669754765
356,svetlogorsk,52.6333,52.6333,28.38,95,100,9.48,BY,1669754766
357,potosi,-19.5836,-19.5836,50.86,49,72,9.8,BO,1669754767
358,serebryansk,49.6925,49.6925,-16.28,85,24,4.54,KZ,1669754767
359,boshnyakovo,49.6333,49.6333,12.16,77,100,21.94,RU,1669754768
360,dekar,-21.5333,-21.5333,78.04,39,9,8.52,BW,1669754548
361,el alto,-4.2714,-4.2714,74.86,75,29,17.87,PE,1669754770
362,magdalena,14.1999,14.1999,79.36,94,95,5.17,PH,1669754771
363,chumikan,54.7183,54.7183,-6.72,70,100,17.29,RU,1669754772
364,aklavik,68.2191,68.2191,-20.2,76,75,5.75,CA,1669754773
365,inhambane,-23.865,-23.865,69.73,68,27,9.15,MZ,1669754774
366,nhulunbuy,-12.2333,-12.2333,75.81,94,100,0.0,AU,1669754774
367,luderitz,-26.6481,-26.6481,62.28,85,12,6.89,NA,1669754775
368,zaysan,47.4667,47.4667,-10.52,78,9,3.29,KZ,1669754777
369,husavik,66.0449,66.0449,33.66,77,59,15.82,IS,1669754777
370,tezu,27.9167,27.9167,63.27,47,2,4.41,IN,1669754778
371,alice springs,-23.7,-23.7,53.15,76,0,0.0,AU,1669754779
372,berbera,10.4396,10.4396,76.91,62,0,2.39,SO,1669754780
373,price,39.5994,39.5994,32.11,34,0,11.5,US,1669754782
374,matagami,49.7502,49.7502,23.11,74,100,12.66,CA,1669754783
375,altamira,-3.2033,-3.2033,80.69,78,75,0.0,BR,1669754783
376,coquimbo,-29.9533,-29.9533,65.93,72,75,10.36,CL,1669754721
377,san patricio,28.017,28.017,87.08,56,87,11.52,US,1669754785
378,sur,22.5667,22.5667,75.22,57,0,3.58,OM,1669754786
379,sobolevo,54.4299,54.4299,22.39,90,100,8.28,RU,1669754787
380,fasa,28.9383,28.9383,47.44,43,0,4.61,IR,1669754787
381,nantucket,41.2835,41.2835,46.54,78,90,2.64,US,1669754788
382,williston,48.147,48.147,15.04,77,99,8.99,US,1669754789
383,lubao,14.9167,14.9167,78.51,88,83,4.76,PH,1669754790
384,vao,-22.6667,-22.6667,78.31,87,50,11.1,NC,1669754791
385,krasnoborsk,61.5598,61.5598,16.88,88,98,3.29,RU,1669754792
386,qingquan,30.4511,30.4511,36.07,85,100,14.54,CN,1669754793
387,rawdon,46.0501,46.0501,30.13,66,99,4.07,CA,1669754794
388,ahipara,-35.1667,-35.1667,68.5,74,20,11.61,NZ,1669754795
389,champoton,19.35,19.35,89.46,51,66,2.13,MX,1669754796
390,qui nhon,13.7667,13.7667,74.89,86,50,5.82,VN,1669754797
391,novopokrovka,49.8425,49.8425,28.13,48,96,13.49,UA,1669754797
392,emilio carranza,19.9711,19.9711,82.63,72,100,11.54,MX,1669754798
393,labuhan,-6.8844,-6.8844,77.36,86,100,10.63,ID,1669754799
394,amasia,40.6533,40.6533,44.33,70,41,0.92,TR,1669754800
395,poum,-20.2333,-20.2333,81.79,79,65,11.03,NC,1669754800
396,hithadhoo,-0.6,-0.6,81.28,73,99,7.94,MV,1669754802
397,mpongwe,-13.5091,-13.5091,62.08,89,18,3.62,ZM,1669754803
398,salinopolis,-0.6136,-0.6136,80.28,78,100,7.7,BR,1669754803
399,mandalgovi,45.7625,45.7625,-4.16,57,0,9.95,MN,1669754804
400,kantabanji,20.4833,20.4833,60.75,61,0,0.98,IN,1669754806
401,alofi,-19.0595,-19.0595,80.49,74,75,9.22,NU,1669754806
402,le mars,42.7942,42.7942,22.35,73,75,14.97,US,1669754807
403,jardim,-21.4803,-21.4803,90.72,34,37,7.16,BR,1669754808
404,san ignacio,17.1561,17.1561,89.74,66,40,4.61,BZ,1669754809
405,iranshahr,27.2025,27.2025,61.14,20,0,6.91,IR,1669754810
406,meadow lake,34.8014,34.8014,54.86,25,28,24.96,US,1669754810
407,leh,34.1667,34.1667,20.34,52,99,1.79,IN,1669754811
408,suhbaatar,50.2314,50.2314,-3.21,81,100,5.57,MN,1669754812
409,dicabisagan,17.0818,17.0818,78.13,89,19,3.24,PH,1669754813
410,constitucion,-35.3333,-35.3333,63.82,66,18,17.81,CL,1669754814
411,ambon,-3.6954,-3.6954,77.23,15,40,4.61,ID,1669754815
412,fallon,39.4735,39.4735,42.93,45,40,4.61,US,1669754815
413,keuruu,62.2667,62.2667,30.38,97,100,5.57,FI,1669754816
414,nouadhibou,20.931,20.931,69.78,56,0,10.36,MR,1669754817
415,orlik,52.5178,52.5178,-19.71,92,99,2.82,RU,1669754818
416,puerto leguizamo,-0.1934,-0.1934,89.46,50,75,2.48,CO,1669754819
417,faranah,10.0404,10.0404,75.83,47,7,2.3,GN,1669754674
418,vavatenina,-17.4667,-17.4667,71.67,89,82,1.3,MG,1669754820
419,sept-iles,50.2001,50.2001,21.72,53,40,12.66,CA,1669754821
420,galle,6.0367,6.0367,77.63,82,42,3.22,LK,1669754687
421,nizhniy kuranakh,58.8353,58.8353,-20.74,96,100,6.35,RU,1669754823
422,reyes,-14.3167,-14.3167,95.16,49,20,16.11,BO,1669754824
423,asau,46.4333,46.4333,33.28,95,100,2.15,RO,1669754824
424,zalantun,48.0,48.0,-5.01,63,0,17.65,CN,1669754825
425,destin,30.3935,30.3935,76.12,81,75,16.11,US,1669754826
426,murmashi,68.8154,68.8154,30.61,100,40,2.24,RU,1669754827
427,loandjili,-4.7561,-4.7561,77.27,85,100,3.85,CG,1669754827
428,aldenhoven,50.9,50.9,45.3,94,20,2.3,DE,1669754828
429,boa vista,2.8197,2.8197,84.18,61,40,6.91,BR,1669754829
430,mizan teferi,6.9833,6.9833,61.72,83,18,3.04,ET,1669754830
431,alpena,45.0617,45.0617,46.65,76,100,18.41,US,1669754831
432,lagos,6.5833,6.5833,79.12,84,38,4.92,NG,1669754832
433,kuhdasht,33.535,33.535,59.05,45,100,3.76,IR,1669754833
434,sitka,57.0531,57.0531,26.49,36,20,8.05,US,1669754834
435,laguna,38.421,38.421,59.29,41,0,6.91,US,1669754835
436,santo antonio do sudoeste,-26.0736,-26.0736,75.79,69,17,4.7,BR,1669754836
437,novaya bryan,51.7159,51.7159,0.23,87,100,14.83,RU,1669754838
438,hay river,60.8156,60.8156,-18.42,76,75,12.66,CA,1669754838
439,thinadhoo,0.5333,0.5333,80.65,73,100,5.91,MV,1669754839
440,ponta delgada,37.7333,37.7333,65.5,88,40,12.66,PT,1669754580
441,hengshui,37.7322,37.7322,17.22,22,52,5.35,CN,1669754841
442,adrar,20.5022,20.5022,67.21,18,0,9.71,MR,1669754842
443,porto belo,-27.1578,-27.1578,73.89,91,71,14.23,BR,1669754843
444,ponnani,10.767,10.767,76.32,88,77,3.85,IN,1669754844
445,xichang,27.8964,27.8964,45.1,75,0,1.5,CN,1669754845
446,kulhudhuffushi,6.6221,6.6221,80.4,73,15,1.45,MV,1669754846
447,dobryanka,58.4619,58.4619,11.01,99,94,1.72,RU,1669754847
448,owatonna,44.0839,44.0839,25.75,82,100,18.41,US,1669754849
449,dandong,40.1292,40.1292,11.17,29,0,14.27,CN,1669754850
450,pleasanton,37.6624,37.6624,58.82,43,0,6.91,US,1669754851
451,kisangani,0.5167,0.5167,69.42,88,81,1.39,CD,1669754852
452,voi,-3.3945,-3.3945,70.68,92,100,2.01,KE,1669754852
453,port hardy,50.6996,50.6996,32.18,93,100,34.52,CA,1669754853
454,imeni tsyurupy,55.4957,55.4957,10.15,97,66,3.42,RU,1669754854
455,xining,36.6167,36.6167,9.27,46,100,3.13,CN,1669754661
456,madras,13.0878,13.0878,75.18,88,20,3.44,IN,1669754682
457,togur,58.3631,58.3631,-20.42,99,54,3.29,RU,1669754857
458,kharp,66.8014,66.8014,11.61,96,100,2.84,RU,1669754857
459,ossora,59.2353,59.2353,9.77,81,2,4.9,RU,1669754858
460,nikita,44.5333,44.5333,40.14,81,100,11.21,UA,1669754860
461,kalemie,-5.9475,-5.9475,69.6,81,100,2.89,CD,1669754861
462,rancharia,-22.2292,-22.2292,76.46,58,60,10.94,BR,1669754862
463,irbeyskoye,55.6428,55.6428,-1.98,87,100,7.14,RU,1669754863
464,parana,-31.732,-31.732,95.5,35,1,5.66,AR,1669754864
465,calvinia,-31.4707,-31.4707,67.6,51,0,5.48,ZA,1669754865
466,strandby,57.4915,57.4915,42.62,68,100,12.46,DK,1669754866
467,baykit,61.67,61.67,-17.88,100,93,3.36,RU,1669754866
468,mehamn,71.0357,71.0357,37.35,81,75,10.36,NO,1669754867
469,murgab,37.4966,37.4966,44.47,81,2,4.61,TM,1669754870
470,port hedland,-20.3167,-20.3167,78.85,89,100,0.0,AU,1669754871
471,russell,32.3502,32.3502,73.18,56,40,8.05,US,1669754872
472,almeirim,-1.5233,-1.5233,83.05,66,98,2.04,BR,1669754873
473,terme,41.2092,41.2092,44.53,76,72,2.19,TR,1669754874
474,morales,2.757,2.757,65.35,93,98,2.91,CO,1669754875
475,akdepe,42.0551,42.0551,33.89,52,100,6.93,TM,1669754876
476,ayagoz,47.9714,47.9714,-8.23,74,8,9.64,KZ,1669754877
477,raudeberg,61.9875,61.9875,43.86,67,100,11.61,NO,1669754878
478,zhicheng,30.2956,30.2956,37.67,52,100,14.23,CN,1669754879
479,bitung,1.4451,1.4451,76.05,83,88,7.07,ID,1669754881
480,vestmannaeyjar,63.4427,63.4427,45.64,91,100,39.3,IS,1669754882
481,plettenberg bay,-34.0527,-34.0527,68.77,67,0,4.23,ZA,1669754883
482,tairua,-37.0167,-37.0167,66.97,77,92,10.31,NZ,1669754884
483,touros,-5.1989,-5.1989,78.42,75,63,10.71,BR,1669754884
484,solnechnyy,50.7214,50.7214,4.19,97,100,1.57,RU,1669754885
485,sao desiderio,-12.3633,-12.3633,71.44,92,100,4.38,BR,1669754887
486,snizhne,48.0261,48.0261,26.35,46,93,18.7,UA,1669754888
487,baoro,5.6667,5.6667,74.34,35,100,3.8,CF,1669754889
488,develi,38.3906,38.3906,43.95,78,100,4.81,TR,1669754890
489,pedernales,18.0384,18.0384,82.56,62,10,6.58,DO,1669754891
490,port keats,-14.25,-14.25,79.43,80,95,4.21,AU,1669754892
491,kahului,20.8947,20.8947,80.83,80,0,5.99,US,1669754895
492,kindu,-2.95,-2.95,68.4,96,99,2.17,CD,1669754896
493,lengshuitan,26.4111,26.4111,40.44,82,100,13.11,CN,1669754897
494,ayan,56.45,56.45,-9.96,96,100,27.56,RU,1669754897
495,katobu,-4.9408,-4.9408,75.18,94,100,3.27,ID,1669754900
496,east wenatchee bench,47.4257,47.4257,27.68,73,75,10.36,US,1669754901
497,khani,41.9563,41.9563,51.37,63,100,6.2,GE,1669754902
498,hazorasp,41.3194,41.3194,35.44,51,99,4.12,UZ,1669754904
499,reconquista,-29.15,-29.15,99.28,17,6,9.6,AR,1669754906
500,chiredzi,-21.05,-21.05,67.33,65,3,5.28,ZW,1669754907
501,lasa,46.6166,46.6166,40.08,94,97,4.09,IT,1669754908
502,namibe,-15.1961,-15.1961,69.96,81,96,11.01,AO,1669754910
503,anadyr,64.75,64.75,34.3,86,40,15.66,RU,1669754914
504,belmonte,-15.8631,-15.8631,76.82,89,100,4.34,BR,1669754703
505,port-gentil,-0.7193,-0.7193,76.96,94,75,1.14,GA,1669754916
506,igrim,63.1906,63.1906,-2.38,98,87,2.71,RU,1669754917
507,gallup,35.5281,35.5281,46.24,32,0,24.16,US,1669754917
508,fare,-16.7,-16.7,79.09,77,8,12.39,PF,1669754918
509,kautokeino,69.0125,69.0125,27.77,93,97,16.17,NO,1669754919
510,luyang,27.6239,27.6239,34.27,94,100,8.77,CN,1669754922
511,seoul,37.5683,37.5683,24.19,46,0,14.97,KR,1669754839
512,srednekolymsk,67.45,67.45,-15.05,97,100,11.54,RU,1669754924
513,pangkalanbuun,-2.6833,-2.6833,73.87,99,100,2.62,ID,1669754924
514,posse,-14.0931,-14.0931,70.21,89,85,7.43,BR,1669754926
515,yarmouth,41.7057,41.7057,46.98,71,75,5.75,US,1669754927
516,manturovo,58.3353,58.3353,5.0,97,15,1.23,RU,1669754930
517,ust-tsilma,65.441,65.441,17.96,98,99,2.26,RU,1669754931
518,rundu,-17.9333,-17.9333,75.07,34,17,6.13,NA,1669754932
519,pierre,44.3683,44.3683,28.85,68,20,26.46,US,1669754933
520,elko,41.0002,41.0002,28.22,60,19,8.01,US,1669754934
521,tutoia,-2.7619,-2.7619,79.09,78,79,7.49,BR,1669754935
522,xingyi,24.1877,24.1877,48.87,87,1,1.43,CN,1669754936
523,harper,4.375,4.375,78.06,83,22,4.05,LR,1669754937
524,haines junction,60.7522,60.7522,1.35,55,33,4.61,CA,1669754937
525,taihe,30.8712,30.8712,40.48,61,100,15.59,CN,1669754938
526,rio grande,-32.035,-32.035,80.71,78,13,14.88,BR,1669754677
527,faya,18.3851,18.3851,55.51,68,1,1.3,SA,1669754940
528,karratha,-20.7377,-20.7377,77.79,69,11,10.63,AU,1669754941
529,tombouctou,20.0,20.0,70.29,15,100,10.38,ML,1669754942
530,west bay,19.3667,19.3667,87.08,75,40,12.66,KY,1669754947
531,nianzishan,47.5167,47.5167,-4.86,68,0,11.92,CN,1669754948
532,usinsk,65.9939,65.9939,9.99,96,100,7.58,RU,1669754675
533,muzhi,65.3667,65.3667,7.02,96,87,3.62,RU,1669754887
534,portel,-1.9356,-1.9356,85.41,60,39,4.5,BR,1669754950
535,ilorin,8.5,8.5,82.76,47,20,4.61,NG,1669754951
536,mecca,21.4267,21.4267,78.17,66,15,5.21,SA,1669754774
537,koslan,63.4564,63.4564,20.97,97,100,5.19,RU,1669754954
538,naze,28.3667,28.3667,67.12,87,99,21.18,JP,1669754955
539,svetlyy yar,48.4748,48.4748,22.6,50,1,9.48,RU,1669754956
540,puerto penasco,31.3167,31.3167,64.9,76,0,7.0,MX,1669754956
541,rafaela,-31.2503,-31.2503,100.63,13,0,7.38,AR,1669754957
542,macedo de cavaleiros,41.5382,41.5382,41.38,85,74,1.45,PT,1669754958
543,hailar,49.2,49.2,-16.35,94,11,12.57,CN,1669754960
544,watsa,3.0372,3.0372,64.27,96,100,1.79,CD,1669754966
545,torres,-29.3353,-29.3353,71.83,91,63,7.81,BR,1669754967
546,hasaki,35.7333,35.7333,63.28,84,95,5.64,JP,1669754968
547,chute-aux-outardes,49.1168,49.1168,24.78,50,0,6.91,CA,1669754969
548,nenjiang,49.1833,49.1833,-15.11,87,74,7.65,CN,1669754970
549,arlit,18.7369,18.7369,71.78,21,4,7.25,NE,1669754970
550,shahr-e babak,30.1165,30.1165,51.76,31,99,5.08,IR,1669754971
551,santa ana,33.7456,33.7456,68.83,56,75,9.22,US,1669754757
552,shache,38.4167,38.4167,22.14,19,0,5.32,CN,1669754973
553,susanville,40.4163,40.4163,41.81,47,0,5.99,US,1669754974
554,divnogorsk,55.9594,55.9594,0.09,94,98,4.5,RU,1669754974
555,maceio,-9.6658,-9.6658,78.24,83,75,10.36,BR,1669754862
556,general roca,-39.0333,-39.0333,87.62,12,99,17.36,AR,1669754812
